INSERT INTO students (name, email, group_name, password_hash) VALUES
('Иванов Иван Иванович', 'ivanov@urfu.ru', 'ФТ-101',
'$2a$08$4OyuSdT2lIHWI6Y2B3q0s.1ge6mWGvNmftylLdaJqWPGBDY1e1cDG'),
('Петрова Анна Сергеевна', 'petrova@urfu.ru', 'МТ-102',
'$2a$08$uNJHBHTqd793bE4Gdy3qx.mCWzRpiqHTKji6dwMJj2iowLgpFPO7S');

INSERT INTO subjects (name, teacher) VALUES
('Программирование', 'Иванов И.И.'),
('Математика', 'Петрова А.С.'),
('Физика', 'Сидоров В.П.'),
('Английский язык', 'Козлова Е.В.'),
('История', 'Николаев П.Д.'),
('Физкультура', 'Смирнов А.В.');

INSERT INTO schedules (group_name, day_of_week, start_time, end_time, subject, room, teacher) VALUES
('ФТ-101', 'Понедельник', '09:00', '10:30', 'Программирование', '301', 'Иванов И.И.'),
('МТ-102', 'Понедельник', '10:45', '12:15', 'Математика', '215', 'Петрова А.С.'),
('ФТ-101', 'Вторник', '09:00', '10:30', 'Английский язык', '410', 'Козлова Е.В.'),
('МТ-102', 'Вторник', '10:45', '12:15', 'Физика', '101', 'Сидоров В.П.'),
('МТ-102', 'Среда', '09:00', '12:15', 'Математика', '220', 'Петрова А.С.'),
('МТ-102', 'Среда', '13:00', '14:30', 'Английский язык', '410', 'Козлова Е.В.'),
('ФТ-101', 'Четверг', '10:45', '12:15', 'Программирование', '301', 'Иванов И.И.'),
('МТ-102', 'Четверг', '10:45', '12:15', 'Физкультура', '102', 'Смирнов А.В.'),
('ФТ-101', 'Пятница', '09:00', '10:30', 'История', '205', 'Николаев П.Д.'),
('ФТ-101', 'Пятница', '13:00', '14:30', 'Физкультура', '102', 'Смирнов А.В.');

INSERT INTO profiles (student_id, subject_id) VALUES
(1, 1), (1, 4), (1, 5), (1, 6), (2, 2), (2, 3), (2, 4), (2, 6);
